customer_id,gender,age,income_monthly,employment_status
1,FEMENINO,63,34333.0,ESTUDIANTE
2,MASCULINO,62,23310.89,ESTUDIANTE
3,MASCULINO,75,15547.04,INDEPENDIENTE
4,MASCULINO,58,18276.41,DESEMPLEADO
5,FEMENINO,55,14743.15,INDEPENDIENTE
6,MASCULINO,73,25649.53,INDEPENDIENTE
7,MASCULINO,64,33599.66,ESTUDIANTE
8,FEMENINO,41,31014.47,ESTUDIANTE
9,FEMENINO,34,58324.41,EMPLEADO
10,FEMENINO,61,45213.14,DESEMPLEADO
11,FEMENINO,71,30047.15,INDEPENDIENTE
12,FEMENINO,50,37007.14,ESTUDIANTE
13,FEMENINO,58,7584.27,EMPLEADO
14,MASCULINO,27,37195.33,ESTUDIANTE
15,FEMENINO,21,48740.18,INDEPENDIENTE
16,MASCULINO,37,44628.18,ESTUDIANTE
17,FEMENINO,37,31242.09,EMPLEADO
18,MASCULINO,50,3355.44,INDEPENDIENTE
19,FEMENINO,26,21407.07,EMPLEADO
20,FEMENINO,18,36091.18,EMPLEADO
21,FEMENINO,28,27198.89,INDEPENDIENTE
22,MASCULINO,19,6470.6,EMPLEADO
23,MASCULINO,67,15190.82,INDEPENDIENTE
24,FEMENINO,47,39184.82,INDEPENDIENTE
25,MASCULINO,18,45615.82,ESTUDIANTE
26,FEMENINO,27,13081.11,EMPLEADO
27,FEMENINO,20,33765.4,DESEMPLEADO
28,MASCULINO,61,50162.87,INDEPENDIENTE
29,MASCULINO,20,4663.83,DESEMPLEADO
30,MASCULINO,61,35145.53,DESEMPLEADO
31,MASCULINO,23,51496.35,DESEMPLEADO
32,FEMENINO,48,39846.17,INDEPENDIENTE
33,MASCULINO,53,39235.72,DESEMPLEADO
34,MASCULINO,53,31597.32,DESEMPLEADO
35,MASCULINO,60,28853.38,EMPLEADO
36,FEMENINO,29,43543.21,EMPLEADO
37,MASCULINO,18,6288.81,DESEMPLEADO
38,FEMENINO,62,7220.23,DESEMPLEADO
39,FEMENINO,23,45545.91,EMPLEADO
40,FEMENINO,74,7129.19,EMPLEADO
41,FEMENINO,33,46857.03,INDEPENDIENTE
42,FEMENINO,34,13995.87,INDEPENDIENTE
43,MASCULINO,27,34225.44,INDEPENDIENTE
44,MASCULINO,58,59388.09,INDEPENDIENTE
45,MASCULINO,45,36907.05,INDEPENDIENTE
46,FEMENINO,48,9634.06,EMPLEADO
47,MASCULINO,42,40693.53,ESTUDIANTE
48,MASCULINO,20,15488.39,DESEMPLEADO
49,FEMENINO,40,9012.32,EMPLEADO
50,FEMENINO,33,46213.12,EMPLEADO
51,MASCULINO,41,25242.24,EMPLEADO
52,FEMENINO,31,44325.16,EMPLEADO
53,MASCULINO,53,35268.2,DESEMPLEADO
54,FEMENINO,68,53097.38,DESEMPLEADO
55,FEMENINO,62,19285.78,EMPLEADO
56,MASCULINO,35,57750.55,DESEMPLEADO
57,FEMENINO,51,42547.66,ESTUDIANTE
58,MASCULINO,54,45344.4,INDEPENDIENTE
59,FEMENINO,54,16384.64,ESTUDIANTE
60,FEMENINO,44,45485.85,ESTUDIANTE
61,MASCULINO,31,12768.39,ESTUDIANTE
62,MASCULINO,32,21834.27,EMPLEADO
63,MASCULINO,28,38222.4,INDEPENDIENTE
64,MASCULINO,29,50232.94,ESTUDIANTE
65,FEMENINO,49,4040.71,ESTUDIANTE
66,MASCULINO,48,53962.36,ESTUDIANTE
67,FEMENINO,35,15597.17,DESEMPLEADO
68,MASCULINO,57,41546.69,EMPLEADO
69,MASCULINO,53,16055.31,DESEMPLEADO
70,MASCULINO,51,36757.55,INDEPENDIENTE
71,FEMENINO,18,30091.95,EMPLEADO
72,FEMENINO,53,27538.14,EMPLEADO
73,MASCULINO,40,58933.77,ESTUDIANTE
74,FEMENINO,19,56165.02,EMPLEADO
75,FEMENINO,36,15672.31,DESEMPLEADO
76,FEMENINO,58,33463.97,INDEPENDIENTE
77,FEMENINO,40,52387.25,DESEMPLEADO
78,FEMENINO,52,29077.05,EMPLEADO
79,MASCULINO,34,19566.62,EMPLEADO
80,FEMENINO,30,8644.73,DESEMPLEADO
81,FEMENINO,68,17622.73,INDEPENDIENTE
82,MASCULINO,33,53338.88,INDEPENDIENTE
83,MASCULINO,71,6253.75,INDEPENDIENTE
84,FEMENINO,51,51001.51,EMPLEADO
85,FEMENINO,24,27645.94,INDEPENDIENTE
86,MASCULINO,59,18522.78,DESEMPLEADO
87,FEMENINO,24,11931.33,ESTUDIANTE
88,MASCULINO,61,19158.81,EMPLEADO
89,FEMENINO,74,29366.34,INDEPENDIENTE
90,FEMENINO,18,43133.45,INDEPENDIENTE
91,MASCULINO,28,6306.18,INDEPENDIENTE
92,MASCULINO,49,17462.73,ESTUDIANTE
93,FEMENINO,68,59264.61,EMPLEADO
94,FEMENINO,25,36227.99,INDEPENDIENTE
95,FEMENINO,38,49188.81,EMPLEADO
96,MASCULINO,39,31824.86,ESTUDIANTE
97,FEMENINO,35,5399.25,DESEMPLEADO
98,MASCULINO,60,45058.44,INDEPENDIENTE
99,MASCULINO,56,18567.93,EMPLEADO
100,FEMENINO,47,31090.43,DESEMPLEADO
101,FEMENINO,62,37616.99,DESEMPLEADO
102,FEMENINO,54,47237.49,INDEPENDIENTE
103,FEMENINO,60,13669.87,DESEMPLEADO
104,MASCULINO,33,39962.31,ESTUDIANTE
105,MASCULINO,40,31237.24,INDEPENDIENTE
106,MASCULINO,46,50154.36,DESEMPLEADO
107,FEMENINO,38,18860.02,INDEPENDIENTE
108,MASCULINO,22,37043.38,EMPLEADO
109,FEMENINO,22,24041.48,ESTUDIANTE
110,FEMENINO,58,32375.11,INDEPENDIENTE
111,FEMENINO,50,44478.52,INDEPENDIENTE
112,MASCULINO,71,28848.3,EMPLEADO
113,MASCULINO,40,30184.74,EMPLEADO
114,FEMENINO,41,45483.19,INDEPENDIENTE
115,MASCULINO,49,27715.61,INDEPENDIENTE
116,FEMENINO,31,43420.34,INDEPENDIENTE
117,MASCULINO,63,29650.51,INDEPENDIENTE
118,FEMENINO,22,16303.05,EMPLEADO
119,FEMENINO,74,24932.54,ESTUDIANTE
120,FEMENINO,34,40312.89,ESTUDIANTE
121,MASCULINO,28,31121.61,ESTUDIANTE
122,MASCULINO,18,7112.88,ESTUDIANTE
123,MASCULINO,57,49512.95,DESEMPLEADO
124,FEMENINO,18,56077.62,EMPLEADO
125,MASCULINO,56,38028.01,DESEMPLEADO
126,MASCULINO,38,26905.54,DESEMPLEADO
127,MASCULINO,19,16093.5,EMPLEADO
128,FEMENINO,56,57616.46,ESTUDIANTE
129,FEMENINO,58,44509.9,ESTUDIANTE
130,MASCULINO,43,45846.38,INDEPENDIENTE
131,FEMENINO,41,31396.98,ESTUDIANTE
132,FEMENINO,60,40294.75,ESTUDIANTE
133,MASCULINO,41,55284.63,DESEMPLEADO
134,FEMENINO,45,11746.3,DESEMPLEADO
135,FEMENINO,31,38238.59,ESTUDIANTE
136,FEMENINO,73,37547.53,ESTUDIANTE
137,FEMENINO,69,40978.85,INDEPENDIENTE
138,MASCULINO,51,3933.58,DESEMPLEADO
139,MASCULINO,44,12140.37,DESEMPLEADO
140,FEMENINO,65,7731.81,ESTUDIANTE
141,FEMENINO,45,31727.87,EMPLEADO
142,MASCULINO,40,41008.93,INDEPENDIENTE
143,MASCULINO,44,57816.14,EMPLEADO
144,MASCULINO,42,50212.4,INDEPENDIENTE
145,FEMENINO,18,58259.69,DESEMPLEADO
146,FEMENINO,66,57366.49,ESTUDIANTE
147,FEMENINO,42,4825.97,DESEMPLEADO
148,FEMENINO,61,26634.95,INDEPENDIENTE
149,FEMENINO,28,39377.96,ESTUDIANTE
150,MASCULINO,54,37959.9,EMPLEADO
151,MASCULINO,23,35147.17,INDEPENDIENTE
152,MASCULINO,61,7018.22,DESEMPLEADO
153,MASCULINO,75,43810.96,INDEPENDIENTE
154,MASCULINO,57,14039.05,ESTUDIANTE
155,MASCULINO,64,4327.62,DESEMPLEADO
156,MASCULINO,74,30821.53,DESEMPLEADO
157,MASCULINO,71,51120.43,DESEMPLEADO
158,FEMENINO,39,25082.3,EMPLEADO
159,MASCULINO,71,24235.01,INDEPENDIENTE
160,MASCULINO,19,9046.76,DESEMPLEADO
161,FEMENINO,75,36449.54,DESEMPLEADO
162,FEMENINO,35,57920.46,INDEPENDIENTE
163,MASCULINO,71,23583.47,INDEPENDIENTE
164,MASCULINO,58,37712.31,INDEPENDIENTE
165,MASCULINO,47,43402.29,EMPLEADO
166,MASCULINO,30,4579.28,DESEMPLEADO
167,FEMENINO,49,52525.3,INDEPENDIENTE
168,MASCULINO,35,35482.42,EMPLEADO
169,MASCULINO,23,10984.28,INDEPENDIENTE
170,MASCULINO,62,3581.52,ESTUDIANTE
171,FEMENINO,34,26048.89,EMPLEADO
172,FEMENINO,29,24195.54,DESEMPLEADO
173,MASCULINO,39,23596.66,DESEMPLEADO
174,FEMENINO,49,35349.22,ESTUDIANTE
175,MASCULINO,51,43741.49,ESTUDIANTE
176,MASCULINO,72,21135.37,EMPLEADO
177,MASCULINO,23,38901.59,EMPLEADO
178,FEMENINO,58,57166.82,INDEPENDIENTE
179,FEMENINO,59,20212.92,INDEPENDIENTE
180,MASCULINO,39,37872.55,INDEPENDIENTE
181,FEMENINO,54,23519.57,ESTUDIANTE
182,MASCULINO,27,46744.3,INDEPENDIENTE
183,MASCULINO,48,21157.02,DESEMPLEADO
184,FEMENINO,42,3158.0,INDEPENDIENTE
185,MASCULINO,45,15017.55,ESTUDIANTE
186,MASCULINO,20,39821.97,EMPLEADO
187,FEMENINO,28,39479.62,ESTUDIANTE
188,MASCULINO,41,44234.31,EMPLEADO
189,FEMENINO,37,56760.5,ESTUDIANTE
190,MASCULINO,39,47933.18,INDEPENDIENTE
191,FEMENINO,19,30086.34,DESEMPLEADO
192,FEMENINO,51,8305.93,INDEPENDIENTE
193,FEMENINO,53,27499.85,INDEPENDIENTE
194,MASCULINO,22,30940.02,EMPLEADO
195,FEMENINO,32,37291.63,EMPLEADO
196,MASCULINO,35,28961.31,INDEPENDIENTE
197,FEMENINO,47,33651.69,EMPLEADO
198,FEMENINO,56,6124.0,INDEPENDIENTE
199,MASCULINO,61,47035.28,ESTUDIANTE
200,MASCULINO,42,3957.79,ESTUDIANTE
201,MASCULINO,22,48688.47,INDEPENDIENTE
202,MASCULINO,63,16585.99,EMPLEADO
203,MASCULINO,29,27978.05,ESTUDIANTE
204,MASCULINO,35,35567.35,ESTUDIANTE
205,MASCULINO,71,53781.39,EMPLEADO
206,MASCULINO,38,22374.66,DESEMPLEADO
207,MASCULINO,74,49795.05,EMPLEADO
208,MASCULINO,46,18585.46,EMPLEADO
209,FEMENINO,19,30981.1,DESEMPLEADO
210,FEMENINO,67,26262.73,INDEPENDIENTE
211,FEMENINO,61,45293.94,EMPLEADO
212,FEMENINO,18,40395.52,DESEMPLEADO
213,MASCULINO,74,54392.26,ESTUDIANTE
214,MASCULINO,45,24362.34,ESTUDIANTE
215,FEMENINO,21,39156.64,INDEPENDIENTE
216,FEMENINO,70,4606.2,INDEPENDIENTE
217,FEMENINO,22,44841.78,DESEMPLEADO
218,MASCULINO,66,28663.47,DESEMPLEADO
219,FEMENINO,36,24452.12,INDEPENDIENTE
220,MASCULINO,45,25460.25,DESEMPLEADO
221,FEMENINO,49,20830.86,DESEMPLEADO
222,MASCULINO,75,22289.11,INDEPENDIENTE
223,MASCULINO,63,43062.62,DESEMPLEADO
224,MASCULINO,34,47542.89,INDEPENDIENTE
225,MASCULINO,68,21134.99,EMPLEADO
226,FEMENINO,21,55568.41,ESTUDIANTE
227,FEMENINO,24,17774.4,INDEPENDIENTE
228,MASCULINO,53,23416.84,ESTUDIANTE
229,MASCULINO,61,16356.09,ESTUDIANTE
230,MASCULINO,73,16818.25,DESEMPLEADO
231,FEMENINO,32,10532.67,DESEMPLEADO
232,MASCULINO,70,40016.49,DESEMPLEADO
233,FEMENINO,53,8709.76,EMPLEADO
234,FEMENINO,65,31236.94,ESTUDIANTE
235,MASCULINO,40,35507.76,EMPLEADO
236,FEMENINO,68,29155.4,ESTUDIANTE
237,MASCULINO,74,46612.65,INDEPENDIENTE
238,FEMENINO,33,35790.36,ESTUDIANTE
239,MASCULINO,54,8172.27,DESEMPLEADO
240,MASCULINO,44,32779.89,EMPLEADO
241,FEMENINO,73,10361.98,EMPLEADO
242,MASCULINO,75,13230.82,ESTUDIANTE
243,FEMENINO,42,24114.3,ESTUDIANTE
244,MASCULINO,30,16652.39,ESTUDIANTE
245,MASCULINO,54,5932.5,INDEPENDIENTE
246,FEMENINO,42,19742.27,ESTUDIANTE
247,MASCULINO,38,31570.37,ESTUDIANTE
248,FEMENINO,26,45288.87,EMPLEADO
249,FEMENINO,55,53110.78,ESTUDIANTE
250,MASCULINO,53,31178.81,INDEPENDIENTE
251,FEMENINO,71,23130.28,INDEPENDIENTE
252,FEMENINO,59,38267.1,INDEPENDIENTE
253,MASCULINO,42,57327.77,ESTUDIANTE
254,MASCULINO,67,11883.68,ESTUDIANTE
255,FEMENINO,36,55077.7,ESTUDIANTE
256,MASCULINO,68,32116.46,EMPLEADO
257,MASCULINO,64,9156.86,INDEPENDIENTE
258,MASCULINO,42,43374.84,EMPLEADO
259,MASCULINO,47,4774.74,EMPLEADO
260,FEMENINO,37,28692.01,INDEPENDIENTE
261,FEMENINO,48,19296.17,ESTUDIANTE
262,FEMENINO,67,46441.69,INDEPENDIENTE
263,MASCULINO,42,25177.54,EMPLEADO
264,MASCULINO,68,37043.02,DESEMPLEADO
265,FEMENINO,57,35058.03,DESEMPLEADO
266,MASCULINO,40,22918.9,EMPLEADO
267,FEMENINO,21,16058.65,DESEMPLEADO
268,FEMENINO,28,13067.86,INDEPENDIENTE
269,FEMENINO,69,18814.99,ESTUDIANTE
270,FEMENINO,42,41942.75,DESEMPLEADO
271,MASCULINO,40,15497.45,INDEPENDIENTE
272,FEMENINO,66,55384.86,INDEPENDIENTE
273,FEMENINO,46,20449.64,INDEPENDIENTE
274,MASCULINO,45,49292.66,INDEPENDIENTE
275,FEMENINO,34,39740.77,INDEPENDIENTE
276,FEMENINO,20,34457.58,INDEPENDIENTE
277,FEMENINO,19,12641.65,EMPLEADO
278,MASCULINO,28,23460.23,DESEMPLEADO
279,FEMENINO,30,12695.26,EMPLEADO
280,MASCULINO,18,22366.48,EMPLEADO
281,MASCULINO,38,42143.7,ESTUDIANTE
282,FEMENINO,26,31844.04,ESTUDIANTE
283,FEMENINO,36,56283.69,ESTUDIANTE
284,FEMENINO,57,57355.58,EMPLEADO
285,FEMENINO,69,56737.31,ESTUDIANTE
286,FEMENINO,29,25341.04,INDEPENDIENTE
287,MASCULINO,73,27434.18,INDEPENDIENTE
288,FEMENINO,75,59399.82,ESTUDIANTE
289,FEMENINO,48,44482.03,DESEMPLEADO
290,FEMENINO,22,45286.33,INDEPENDIENTE
291,MASCULINO,59,6334.44,DESEMPLEADO
292,FEMENINO,61,32415.99,ESTUDIANTE
293,MASCULINO,67,26149.6,EMPLEADO
294,FEMENINO,26,58568.46,EMPLEADO
295,MASCULINO,40,16144.65,EMPLEADO
296,FEMENINO,45,25049.52,EMPLEADO
297,FEMENINO,43,39408.99,DESEMPLEADO
298,FEMENINO,67,22215.25,DESEMPLEADO
299,FEMENINO,27,47469.58,DESEMPLEADO
300,MASCULINO,68,32231.11,INDEPENDIENTE
301,MASCULINO,51,30950.16,INDEPENDIENTE
302,MASCULINO,31,24494.76,INDEPENDIENTE
303,MASCULINO,50,13042.9,DESEMPLEADO
304,FEMENINO,50,13885.94,INDEPENDIENTE
305,MASCULINO,52,20187.09,DESEMPLEADO
306,MASCULINO,29,32040.7,ESTUDIANTE
307,FEMENINO,48,23310.13,DESEMPLEADO
308,FEMENINO,28,56955.14,INDEPENDIENTE
309,FEMENINO,33,53623.73,INDEPENDIENTE
310,MASCULINO,31,13725.84,ESTUDIANTE
311,FEMENINO,45,54520.03,DESEMPLEADO
312,MASCULINO,29,58962.13,EMPLEADO
313,FEMENINO,18,48741.03,EMPLEADO
314,MASCULINO,32,57109.1,INDEPENDIENTE
315,FEMENINO,60,54817.84,EMPLEADO
316,MASCULINO,59,11358.79,EMPLEADO
317,FEMENINO,72,4569.84,INDEPENDIENTE
318,MASCULINO,23,45468.76,EMPLEADO
319,FEMENINO,44,11411.78,ESTUDIANTE
320,FEMENINO,70,46138.36,EMPLEADO
321,MASCULINO,31,18853.57,INDEPENDIENTE
322,FEMENINO,64,49723.97,ESTUDIANTE
323,FEMENINO,27,54434.28,ESTUDIANTE
324,FEMENINO,22,43613.46,EMPLEADO
325,FEMENINO,62,52822.1,INDEPENDIENTE
326,FEMENINO,20,18888.5,INDEPENDIENTE
327,MASCULINO,58,24105.86,EMPLEADO
328,MASCULINO,71,44089.86,INDEPENDIENTE
329,FEMENINO,32,16229.07,DESEMPLEADO
330,MASCULINO,50,8337.22,DESEMPLEADO
331,MASCULINO,45,15635.92,DESEMPLEADO
332,MASCULINO,55,51238.06,INDEPENDIENTE
333,MASCULINO,45,55430.62,DESEMPLEADO
334,MASCULINO,63,25102.31,INDEPENDIENTE
335,FEMENINO,51,12948.18,ESTUDIANTE
336,MASCULINO,72,31186.14,INDEPENDIENTE
337,MASCULINO,66,9857.05,ESTUDIANTE
338,FEMENINO,56,40741.05,EMPLEADO
339,MASCULINO,34,23880.51,INDEPENDIENTE
340,FEMENINO,28,10412.35,EMPLEADO
341,FEMENINO,36,13562.87,EMPLEADO
342,MASCULINO,74,41544.1,INDEPENDIENTE
343,MASCULINO,52,10670.95,ESTUDIANTE
344,FEMENINO,49,20818.72,EMPLEADO
345,FEMENINO,26,29895.67,INDEPENDIENTE
346,FEMENINO,47,46674.01,EMPLEADO
347,MASCULINO,71,10614.29,DESEMPLEADO
348,FEMENINO,37,56766.74,ESTUDIANTE
349,MASCULINO,32,28626.77,INDEPENDIENTE
350,MASCULINO,43,40682.07,ESTUDIANTE
351,FEMENINO,23,24723.48,EMPLEADO
352,FEMENINO,39,58135.67,DESEMPLEADO
353,FEMENINO,45,19401.12,ESTUDIANTE
354,FEMENINO,26,26431.74,EMPLEADO
355,MASCULINO,44,11718.49,INDEPENDIENTE
356,FEMENINO,56,30143.4,EMPLEADO
357,MASCULINO,61,21390.54,INDEPENDIENTE
358,MASCULINO,41,9895.51,INDEPENDIENTE
359,FEMENINO,63,4303.8,EMPLEADO
360,MASCULINO,54,11647.98,ESTUDIANTE
361,FEMENINO,37,8442.62,EMPLEADO
362,FEMENINO,44,18525.68,DESEMPLEADO
363,FEMENINO,42,35198.46,ESTUDIANTE
364,MASCULINO,63,8138.26,ESTUDIANTE
365,MASCULINO,30,43822.14,DESEMPLEADO
366,FEMENINO,67,56978.78,INDEPENDIENTE
367,FEMENINO,24,14538.02,INDEPENDIENTE
368,MASCULINO,61,37532.81,INDEPENDIENTE
369,MASCULINO,57,52043.97,INDEPENDIENTE
370,FEMENINO,42,52896.88,ESTUDIANTE
371,MASCULINO,52,42959.35,ESTUDIANTE
372,MASCULINO,19,21339.07,EMPLEADO
373,FEMENINO,38,24198.34,ESTUDIANTE
374,MASCULINO,45,24642.92,ESTUDIANTE
375,FEMENINO,51,44203.32,ESTUDIANTE
376,MASCULINO,65,11448.61,INDEPENDIENTE
377,MASCULINO,27,34153.07,DESEMPLEADO
378,MASCULINO,33,16642.37,ESTUDIANTE
379,MASCULINO,52,29900.21,EMPLEADO
380,MASCULINO,24,35420.86,INDEPENDIENTE
381,MASCULINO,19,34830.95,INDEPENDIENTE
382,FEMENINO,26,44321.53,EMPLEADO
383,MASCULINO,52,54767.86,ESTUDIANTE
384,FEMENINO,19,39123.9,EMPLEADO
385,FEMENINO,62,18092.06,DESEMPLEADO
386,FEMENINO,56,17051.23,EMPLEADO
387,FEMENINO,22,3045.43,ESTUDIANTE
388,FEMENINO,32,47317.75,DESEMPLEADO
389,FEMENINO,31,9458.2,EMPLEADO
390,MASCULINO,73,34129.26,INDEPENDIENTE
391,MASCULINO,28,37864.36,EMPLEADO
392,FEMENINO,71,9571.38,INDEPENDIENTE
393,MASCULINO,51,4827.01,ESTUDIANTE
394,MASCULINO,38,16291.5,ESTUDIANTE
395,FEMENINO,42,15010.24,DESEMPLEADO
396,FEMENINO,48,7920.09,INDEPENDIENTE
397,MASCULINO,19,34054.85,ESTUDIANTE
398,MASCULINO,23,5122.75,INDEPENDIENTE
399,FEMENINO,18,53160.22,ESTUDIANTE
400,FEMENINO,19,43375.95,ESTUDIANTE
401,MASCULINO,51,34438.75,INDEPENDIENTE
402,MASCULINO,22,55988.34,INDEPENDIENTE
403,MASCULINO,54,16892.75,ESTUDIANTE
404,MASCULINO,45,50881.9,EMPLEADO
405,MASCULINO,20,53065.52,INDEPENDIENTE
406,MASCULINO,40,34059.32,EMPLEADO
407,FEMENINO,27,6509.36,EMPLEADO
408,FEMENINO,23,29764.92,INDEPENDIENTE
409,FEMENINO,30,20205.22,DESEMPLEADO
410,MASCULINO,41,19823.31,ESTUDIANTE
411,FEMENINO,34,22963.76,EMPLEADO
412,FEMENINO,35,41770.89,EMPLEADO
413,FEMENINO,69,45284.54,DESEMPLEADO
414,FEMENINO,45,55237.38,DESEMPLEADO
415,FEMENINO,52,11535.43,INDEPENDIENTE
416,FEMENINO,49,28085.79,ESTUDIANTE
417,FEMENINO,46,9090.99,INDEPENDIENTE
418,MASCULINO,25,17699.4,DESEMPLEADO
419,MASCULINO,54,32985.39,INDEPENDIENTE
420,FEMENINO,26,52323.68,INDEPENDIENTE
421,MASCULINO,57,16227.12,EMPLEADO
422,FEMENINO,41,34876.51,EMPLEADO
423,FEMENINO,56,43480.08,DESEMPLEADO
424,FEMENINO,24,56079.92,DESEMPLEADO
425,MASCULINO,52,15453.25,DESEMPLEADO
426,FEMENINO,72,57280.54,INDEPENDIENTE
427,MASCULINO,18,3166.36,EMPLEADO
428,MASCULINO,40,30086.81,ESTUDIANTE
429,FEMENINO,48,41316.08,INDEPENDIENTE
430,FEMENINO,66,34158.41,ESTUDIANTE
431,MASCULINO,58,10301.0,EMPLEADO
432,MASCULINO,51,5861.44,INDEPENDIENTE
433,FEMENINO,35,25729.09,ESTUDIANTE
434,FEMENINO,64,14624.51,DESEMPLEADO
435,MASCULINO,48,17453.55,EMPLEADO
436,MASCULINO,21,27007.59,INDEPENDIENTE
437,FEMENINO,70,18928.87,INDEPENDIENTE
438,MASCULINO,34,19647.67,DESEMPLEADO
439,FEMENINO,52,8938.34,EMPLEADO
440,MASCULINO,32,58449.62,INDEPENDIENTE
441,MASCULINO,46,44331.35,EMPLEADO
442,MASCULINO,28,16494.88,INDEPENDIENTE
443,MASCULINO,73,40580.92,INDEPENDIENTE
444,MASCULINO,59,11521.97,INDEPENDIENTE
445,MASCULINO,45,9347.46,ESTUDIANTE
446,MASCULINO,24,15121.55,EMPLEADO
447,FEMENINO,31,16619.3,INDEPENDIENTE
448,MASCULINO,58,3143.7,INDEPENDIENTE
449,MASCULINO,69,24355.09,INDEPENDIENTE
450,MASCULINO,22,18785.19,INDEPENDIENTE
451,FEMENINO,23,15221.3,INDEPENDIENTE
452,FEMENINO,23,17406.27,EMPLEADO
453,MASCULINO,35,43061.6,INDEPENDIENTE
454,FEMENINO,35,51032.83,INDEPENDIENTE
455,FEMENINO,73,49187.81,INDEPENDIENTE
456,MASCULINO,67,9209.54,INDEPENDIENTE
457,MASCULINO,57,33685.13,EMPLEADO
458,MASCULINO,70,57452.7,DESEMPLEADO
459,FEMENINO,65,6699.11,ESTUDIANTE
460,MASCULINO,21,40783.37,EMPLEADO
461,FEMENINO,56,7087.79,ESTUDIANTE
462,MASCULINO,40,46223.85,DESEMPLEADO
463,FEMENINO,55,48993.51,EMPLEADO
464,MASCULINO,52,42336.29,DESEMPLEADO
465,FEMENINO,61,43192.82,INDEPENDIENTE
466,FEMENINO,49,25679.78,ESTUDIANTE
467,MASCULINO,45,51910.23,EMPLEADO
468,MASCULINO,48,25419.13,EMPLEADO
469,MASCULINO,74,47822.27,INDEPENDIENTE
470,MASCULINO,59,17223.45,EMPLEADO
471,MASCULINO,31,13249.57,INDEPENDIENTE
472,MASCULINO,75,47233.18,ESTUDIANTE
473,FEMENINO,66,50639.33,ESTUDIANTE
474,MASCULINO,21,37667.32,INDEPENDIENTE
475,MASCULINO,62,11800.19,ESTUDIANTE
476,FEMENINO,35,55944.48,INDEPENDIENTE
477,MASCULINO,44,13999.75,ESTUDIANTE
478,MASCULINO,68,28168.94,ESTUDIANTE
479,MASCULINO,34,32814.66,ESTUDIANTE
480,MASCULINO,35,46201.8,DESEMPLEADO
481,FEMENINO,60,9150.57,DESEMPLEADO
482,MASCULINO,21,49233.89,EMPLEADO
483,MASCULINO,18,5570.91,INDEPENDIENTE
484,FEMENINO,61,11159.58,ESTUDIANTE
485,MASCULINO,29,41268.99,DESEMPLEADO
486,MASCULINO,65,13594.01,INDEPENDIENTE
487,FEMENINO,62,37691.81,EMPLEADO
488,FEMENINO,26,6592.86,EMPLEADO
489,MASCULINO,68,54427.35,INDEPENDIENTE
490,MASCULINO,74,35727.78,ESTUDIANTE
491,MASCULINO,34,35352.11,EMPLEADO
492,MASCULINO,45,46471.23,INDEPENDIENTE
493,FEMENINO,59,46396.32,ESTUDIANTE
494,MASCULINO,22,31671.41,DESEMPLEADO
495,MASCULINO,49,32805.82,ESTUDIANTE
496,FEMENINO,25,8575.21,ESTUDIANTE
497,MASCULINO,40,35034.4,EMPLEADO
498,MASCULINO,50,7612.27,ESTUDIANTE
499,MASCULINO,43,26027.3,ESTUDIANTE
500,FEMENINO,52,41472.57,INDEPENDIENTE
501,MASCULINO,48,57157.59,EMPLEADO
502,FEMENINO,53,3077.18,EMPLEADO
503,FEMENINO,34,28014.06,EMPLEADO
504,MASCULINO,63,59367.41,ESTUDIANTE
505,MASCULINO,50,48105.3,EMPLEADO
506,MASCULINO,57,39863.71,INDEPENDIENTE
507,FEMENINO,53,56206.29,INDEPENDIENTE
508,MASCULINO,47,44399.3,DESEMPLEADO
509,FEMENINO,27,52081.28,EMPLEADO
510,FEMENINO,44,15472.44,ESTUDIANTE
511,FEMENINO,64,14518.47,INDEPENDIENTE
512,MASCULINO,37,12045.54,ESTUDIANTE
513,MASCULINO,71,45494.2,INDEPENDIENTE
514,MASCULINO,64,24391.32,ESTUDIANTE
515,FEMENINO,48,17353.74,INDEPENDIENTE
516,FEMENINO,33,14061.36,EMPLEADO
517,MASCULINO,19,33905.19,DESEMPLEADO
518,MASCULINO,70,40210.31,DESEMPLEADO
519,MASCULINO,74,26768.38,ESTUDIANTE
520,FEMENINO,25,29615.94,ESTUDIANTE
521,FEMENINO,67,46689.09,INDEPENDIENTE
522,MASCULINO,60,53568.67,INDEPENDIENTE
523,FEMENINO,61,23004.1,DESEMPLEADO
524,FEMENINO,61,21699.93,DESEMPLEADO
525,MASCULINO,53,41551.51,DESEMPLEADO
526,FEMENINO,45,17593.79,EMPLEADO
527,FEMENINO,20,41800.25,DESEMPLEADO
528,FEMENINO,22,54004.34,DESEMPLEADO
529,MASCULINO,49,3448.18,DESEMPLEADO
530,FEMENINO,49,26553.34,ESTUDIANTE
531,MASCULINO,43,53580.61,INDEPENDIENTE
532,FEMENINO,20,7275.33,EMPLEADO
533,MASCULINO,63,55551.16,DESEMPLEADO
534,MASCULINO,27,32478.6,DESEMPLEADO
535,FEMENINO,57,16335.07,ESTUDIANTE
536,MASCULINO,70,25499.4,EMPLEADO
537,FEMENINO,41,49712.23,INDEPENDIENTE
538,MASCULINO,37,43942.03,EMPLEADO
539,MASCULINO,67,15621.1,INDEPENDIENTE
540,MASCULINO,22,31828.43,ESTUDIANTE
541,FEMENINO,34,3600.44,ESTUDIANTE
542,FEMENINO,56,33363.32,EMPLEADO
543,MASCULINO,26,23322.71,EMPLEADO
544,FEMENINO,54,40879.76,ESTUDIANTE
545,FEMENINO,21,27671.58,ESTUDIANTE
546,FEMENINO,44,50473.96,ESTUDIANTE
547,FEMENINO,21,54124.31,INDEPENDIENTE
548,FEMENINO,54,46647.68,ESTUDIANTE
549,MASCULINO,70,18267.78,EMPLEADO
550,FEMENINO,59,3626.34,INDEPENDIENTE
551,FEMENINO,31,7814.77,INDEPENDIENTE
552,MASCULINO,73,27376.79,INDEPENDIENTE
553,FEMENINO,55,39622.97,EMPLEADO
554,FEMENINO,35,8092.47,ESTUDIANTE
555,MASCULINO,69,36969.55,DESEMPLEADO
556,FEMENINO,28,48672.63,DESEMPLEADO
557,FEMENINO,72,59920.04,EMPLEADO
558,FEMENINO,60,51217.56,INDEPENDIENTE
559,FEMENINO,30,25117.19,EMPLEADO
560,FEMENINO,72,17006.91,ESTUDIANTE
561,MASCULINO,23,34648.3,DESEMPLEADO
562,MASCULINO,35,26935.12,EMPLEADO
563,FEMENINO,65,52477.82,EMPLEADO
564,MASCULINO,22,35461.75,INDEPENDIENTE
565,FEMENINO,74,5953.55,DESEMPLEADO
566,FEMENINO,44,40434.55,DESEMPLEADO
567,MASCULINO,57,7448.03,INDEPENDIENTE
568,FEMENINO,59,45466.79,INDEPENDIENTE
569,MASCULINO,25,28685.81,ESTUDIANTE
570,MASCULINO,22,32798.9,INDEPENDIENTE
571,FEMENINO,56,33405.67,DESEMPLEADO
572,FEMENINO,41,15593.95,ESTUDIANTE
573,FEMENINO,55,24282.76,DESEMPLEADO
574,FEMENINO,22,53254.36,EMPLEADO
575,FEMENINO,41,40852.59,ESTUDIANTE
576,FEMENINO,64,18929.77,DESEMPLEADO
577,FEMENINO,27,20382.25,DESEMPLEADO
578,MASCULINO,54,4741.53,EMPLEADO
579,FEMENINO,32,25999.09,ESTUDIANTE
580,FEMENINO,69,23981.09,ESTUDIANTE
581,MASCULINO,71,37449.68,ESTUDIANTE
582,FEMENINO,39,7038.81,INDEPENDIENTE
583,FEMENINO,28,24772.41,ESTUDIANTE
584,FEMENINO,64,16052.32,EMPLEADO
585,MASCULINO,61,36625.82,EMPLEADO
586,MASCULINO,47,51890.01,INDEPENDIENTE
587,MASCULINO,46,48654.4,DESEMPLEADO
588,MASCULINO,48,14056.86,ESTUDIANTE
589,FEMENINO,64,14562.41,EMPLEADO
590,FEMENINO,26,59573.57,DESEMPLEADO
591,FEMENINO,55,50759.5,INDEPENDIENTE
592,MASCULINO,39,11058.16,DESEMPLEADO
593,FEMENINO,35,20020.47,ESTUDIANTE
594,FEMENINO,46,32815.94,ESTUDIANTE
595,FEMENINO,36,36526.69,INDEPENDIENTE
596,MASCULINO,33,55244.39,EMPLEADO
597,MASCULINO,70,40999.63,ESTUDIANTE
598,MASCULINO,61,57835.11,DESEMPLEADO
599,FEMENINO,70,43052.23,EMPLEADO
600,MASCULINO,62,37905.48,INDEPENDIENTE
601,MASCULINO,36,45436.74,INDEPENDIENTE
602,FEMENINO,40,36095.46,INDEPENDIENTE
603,MASCULINO,52,20197.35,EMPLEADO
604,FEMENINO,64,39035.74,INDEPENDIENTE
605,FEMENINO,59,9149.05,ESTUDIANTE
606,MASCULINO,70,54318.95,ESTUDIANTE
607,MASCULINO,35,49823.88,ESTUDIANTE
608,FEMENINO,52,49382.48,ESTUDIANTE
609,MASCULINO,58,34135.68,INDEPENDIENTE
610,MASCULINO,32,27260.75,EMPLEADO
611,FEMENINO,55,13643.07,DESEMPLEADO
612,MASCULINO,52,11802.72,DESEMPLEADO
613,FEMENINO,27,52689.3,EMPLEADO
614,FEMENINO,21,50247.46,INDEPENDIENTE
615,MASCULINO,22,52879.59,INDEPENDIENTE
616,MASCULINO,40,33703.23,INDEPENDIENTE
617,FEMENINO,26,32446.7,DESEMPLEADO
618,FEMENINO,69,16947.69,DESEMPLEADO
619,MASCULINO,52,36917.18,DESEMPLEADO
620,MASCULINO,40,10206.16,DESEMPLEADO
621,MASCULINO,25,59590.91,DESEMPLEADO
622,MASCULINO,61,45290.56,ESTUDIANTE
623,FEMENINO,24,3531.13,EMPLEADO
624,MASCULINO,75,54579.73,EMPLEADO
625,MASCULINO,33,47490.59,ESTUDIANTE
626,FEMENINO,71,9247.28,EMPLEADO
627,FEMENINO,30,55105.65,INDEPENDIENTE
628,FEMENINO,66,42235.38,ESTUDIANTE
629,MASCULINO,31,27699.42,EMPLEADO
630,FEMENINO,42,57151.8,DESEMPLEADO
631,FEMENINO,66,25073.7,EMPLEADO
632,MASCULINO,62,51153.11,EMPLEADO
633,MASCULINO,49,22551.22,ESTUDIANTE
634,MASCULINO,75,23266.0,INDEPENDIENTE
635,FEMENINO,28,37115.21,DESEMPLEADO
636,FEMENINO,40,53558.09,EMPLEADO
637,FEMENINO,25,8268.36,DESEMPLEADO
638,MASCULINO,23,44104.6,ESTUDIANTE
639,FEMENINO,27,34851.81,EMPLEADO
640,MASCULINO,29,21136.58,DESEMPLEADO
641,MASCULINO,53,54877.53,ESTUDIANTE
642,MASCULINO,39,41524.99,INDEPENDIENTE
643,FEMENINO,74,31863.13,ESTUDIANTE
644,FEMENINO,29,3954.13,DESEMPLEADO
645,FEMENINO,23,51947.25,EMPLEADO
646,MASCULINO,51,11850.03,ESTUDIANTE
647,FEMENINO,43,13874.56,INDEPENDIENTE
648,MASCULINO,21,34142.6,EMPLEADO
649,FEMENINO,27,12095.97,EMPLEADO
650,MASCULINO,49,32923.17,INDEPENDIENTE
651,FEMENINO,46,37337.9,EMPLEADO
652,FEMENINO,60,46852.14,INDEPENDIENTE
653,FEMENINO,40,59504.05,DESEMPLEADO
654,MASCULINO,51,17447.57,INDEPENDIENTE
655,FEMENINO,40,50299.37,DESEMPLEADO
656,FEMENINO,66,37453.31,ESTUDIANTE
657,MASCULINO,59,46901.22,DESEMPLEADO
658,MASCULINO,22,13978.72,EMPLEADO
659,FEMENINO,22,3731.06,DESEMPLEADO
660,FEMENINO,57,41962.41,INDEPENDIENTE
661,FEMENINO,69,8840.11,ESTUDIANTE
662,FEMENINO,70,21875.77,ESTUDIANTE
663,MASCULINO,67,39503.67,INDEPENDIENTE
664,FEMENINO,58,54082.17,ESTUDIANTE
665,FEMENINO,40,37483.0,ESTUDIANTE
666,FEMENINO,35,59922.38,ESTUDIANTE
667,MASCULINO,62,51997.09,INDEPENDIENTE
668,MASCULINO,26,21141.57,EMPLEADO
669,FEMENINO,40,29015.67,DESEMPLEADO
670,FEMENINO,60,33184.02,DESEMPLEADO
671,FEMENINO,55,9608.45,INDEPENDIENTE
672,MASCULINO,51,47582.43,INDEPENDIENTE
673,FEMENINO,61,59539.35,ESTUDIANTE
674,FEMENINO,20,38077.26,INDEPENDIENTE
675,MASCULINO,36,8649.34,EMPLEADO
676,MASCULINO,26,35787.71,INDEPENDIENTE
677,MASCULINO,71,31213.06,ESTUDIANTE
678,MASCULINO,47,49056.0,ESTUDIANTE
679,FEMENINO,18,34549.71,INDEPENDIENTE
680,FEMENINO,67,23486.79,INDEPENDIENTE
681,FEMENINO,45,30366.22,DESEMPLEADO
682,FEMENINO,66,20607.97,ESTUDIANTE
683,MASCULINO,51,23168.82,ESTUDIANTE
684,FEMENINO,44,53632.37,DESEMPLEADO
685,FEMENINO,22,29965.94,INDEPENDIENTE
686,FEMENINO,52,23734.09,ESTUDIANTE
687,FEMENINO,19,24992.35,EMPLEADO
688,MASCULINO,75,25786.5,DESEMPLEADO
689,MASCULINO,34,49045.06,EMPLEADO
690,FEMENINO,71,50752.68,ESTUDIANTE
691,MASCULINO,62,51230.84,EMPLEADO
692,MASCULINO,55,22429.43,EMPLEADO
693,MASCULINO,27,37372.65,DESEMPLEADO
694,FEMENINO,30,45955.93,EMPLEADO
695,MASCULINO,72,43312.03,EMPLEADO
696,MASCULINO,62,26266.99,ESTUDIANTE
697,MASCULINO,66,42494.98,INDEPENDIENTE
698,MASCULINO,66,33772.47,DESEMPLEADO
699,MASCULINO,60,50126.95,EMPLEADO
700,FEMENINO,53,28647.86,EMPLEADO
701,MASCULINO,52,8925.5,EMPLEADO
702,MASCULINO,70,21006.74,DESEMPLEADO
703,MASCULINO,31,51535.31,INDEPENDIENTE
704,MASCULINO,64,35128.74,ESTUDIANTE
705,FEMENINO,35,4521.11,ESTUDIANTE
706,FEMENINO,62,36635.67,INDEPENDIENTE
707,FEMENINO,19,53636.01,DESEMPLEADO
708,MASCULINO,59,3706.2,INDEPENDIENTE
709,MASCULINO,34,25338.77,INDEPENDIENTE
710,MASCULINO,62,55816.2,INDEPENDIENTE
711,FEMENINO,38,20327.33,EMPLEADO
712,FEMENINO,47,14551.55,DESEMPLEADO
713,FEMENINO,42,10924.54,ESTUDIANTE
714,FEMENINO,27,46153.97,DESEMPLEADO
715,MASCULINO,29,40893.81,ESTUDIANTE
716,MASCULINO,41,38439.98,DESEMPLEADO
717,FEMENINO,75,38034.38,ESTUDIANTE
718,FEMENINO,55,25915.92,INDEPENDIENTE
719,MASCULINO,29,32842.75,DESEMPLEADO
720,FEMENINO,22,30113.98,EMPLEADO
721,FEMENINO,57,26782.62,INDEPENDIENTE
722,MASCULINO,34,34800.39,ESTUDIANTE
723,FEMENINO,40,4490.31,ESTUDIANTE
724,FEMENINO,28,35774.12,EMPLEADO
725,MASCULINO,56,47642.47,DESEMPLEADO
726,MASCULINO,60,16088.67,INDEPENDIENTE
727,MASCULINO,60,53102.01,DESEMPLEADO
728,MASCULINO,74,12136.25,INDEPENDIENTE
729,MASCULINO,34,22301.27,ESTUDIANTE
730,MASCULINO,58,48537.41,ESTUDIANTE
731,FEMENINO,46,47631.4,ESTUDIANTE
732,FEMENINO,71,44020.26,DESEMPLEADO
733,MASCULINO,65,22559.77,INDEPENDIENTE
734,MASCULINO,41,23456.86,EMPLEADO
735,MASCULINO,71,45377.71,ESTUDIANTE
736,MASCULINO,53,42469.98,EMPLEADO
737,MASCULINO,69,53921.53,INDEPENDIENTE
738,MASCULINO,25,41891.37,DESEMPLEADO
739,MASCULINO,49,17140.03,INDEPENDIENTE
740,FEMENINO,35,25134.51,DESEMPLEADO
741,MASCULINO,47,5001.95,EMPLEADO
742,MASCULINO,64,39582.61,EMPLEADO
743,FEMENINO,61,38547.87,DESEMPLEADO
744,MASCULINO,74,34426.25,INDEPENDIENTE
745,MASCULINO,50,29037.94,INDEPENDIENTE
746,FEMENINO,28,33154.91,DESEMPLEADO
747,MASCULINO,37,14818.62,ESTUDIANTE
748,FEMENINO,53,58747.09,EMPLEADO
749,MASCULINO,33,51119.95,ESTUDIANTE
750,FEMENINO,20,40634.52,ESTUDIANTE
751,MASCULINO,61,47273.34,ESTUDIANTE
752,MASCULINO,37,12245.15,EMPLEADO
753,FEMENINO,44,27939.72,DESEMPLEADO
754,FEMENINO,20,54545.8,ESTUDIANTE
755,FEMENINO,30,55407.88,INDEPENDIENTE
756,FEMENINO,73,29253.31,EMPLEADO
757,FEMENINO,66,26816.11,DESEMPLEADO
758,MASCULINO,27,39653.53,EMPLEADO
759,FEMENINO,69,55216.76,EMPLEADO
760,MASCULINO,61,9674.96,EMPLEADO
761,MASCULINO,60,57321.42,EMPLEADO
762,FEMENINO,39,12009.5,DESEMPLEADO
763,MASCULINO,35,3772.38,DESEMPLEADO
764,MASCULINO,31,6694.07,ESTUDIANTE
765,FEMENINO,61,13995.36,DESEMPLEADO
766,MASCULINO,46,8685.42,INDEPENDIENTE
767,MASCULINO,28,3556.99,ESTUDIANTE
768,FEMENINO,69,12212.67,EMPLEADO
769,MASCULINO,29,54899.87,ESTUDIANTE
770,FEMENINO,63,4952.85,INDEPENDIENTE
771,MASCULINO,55,26267.02,ESTUDIANTE
772,MASCULINO,18,49902.01,EMPLEADO
773,FEMENINO,71,20706.72,DESEMPLEADO
774,FEMENINO,48,22805.44,INDEPENDIENTE
775,FEMENINO,57,11581.54,DESEMPLEADO
776,MASCULINO,35,17953.3,ESTUDIANTE
777,FEMENINO,47,36534.17,EMPLEADO
778,FEMENINO,19,13889.09,ESTUDIANTE
779,MASCULINO,35,16999.14,EMPLEADO
780,MASCULINO,19,56237.13,DESEMPLEADO
781,MASCULINO,18,31507.74,ESTUDIANTE
782,MASCULINO,25,29573.13,ESTUDIANTE
783,MASCULINO,62,17266.04,EMPLEADO
784,MASCULINO,31,32123.81,DESEMPLEADO
785,MASCULINO,56,47030.73,ESTUDIANTE
786,MASCULINO,22,42582.1,ESTUDIANTE
787,MASCULINO,69,55286.11,DESEMPLEADO
788,MASCULINO,28,33411.85,ESTUDIANTE
789,FEMENINO,50,29957.76,EMPLEADO
790,MASCULINO,69,9138.26,DESEMPLEADO
791,FEMENINO,24,47654.95,EMPLEADO
792,FEMENINO,48,26749.74,EMPLEADO
793,FEMENINO,32,29518.66,EMPLEADO
794,MASCULINO,49,15255.57,ESTUDIANTE
795,MASCULINO,56,10299.12,INDEPENDIENTE
796,MASCULINO,72,36185.16,ESTUDIANTE
797,MASCULINO,26,56207.01,EMPLEADO
798,MASCULINO,19,21652.38,ESTUDIANTE
799,MASCULINO,24,21884.73,EMPLEADO
800,FEMENINO,24,3521.47,EMPLEADO
801,FEMENINO,31,5869.38,INDEPENDIENTE
802,MASCULINO,56,52401.01,INDEPENDIENTE
803,FEMENINO,64,30743.82,INDEPENDIENTE
804,MASCULINO,35,23081.95,EMPLEADO
805,MASCULINO,28,29366.32,DESEMPLEADO
806,FEMENINO,21,33829.68,INDEPENDIENTE
807,MASCULINO,22,20313.96,INDEPENDIENTE
808,MASCULINO,49,43670.6,EMPLEADO
809,MASCULINO,48,5924.22,DESEMPLEADO
810,MASCULINO,52,4632.13,ESTUDIANTE
811,FEMENINO,51,3357.37,ESTUDIANTE
812,FEMENINO,62,25422.81,EMPLEADO
813,MASCULINO,41,41482.59,DESEMPLEADO
814,MASCULINO,64,4445.71,DESEMPLEADO
815,MASCULINO,52,19592.12,DESEMPLEADO
816,FEMENINO,46,12246.05,ESTUDIANTE
817,MASCULINO,68,35274.31,DESEMPLEADO
818,FEMENINO,73,18539.06,INDEPENDIENTE
819,MASCULINO,25,7487.21,EMPLEADO
820,MASCULINO,50,39979.63,ESTUDIANTE
821,MASCULINO,23,48046.59,EMPLEADO
822,FEMENINO,41,32393.5,ESTUDIANTE
823,MASCULINO,60,38826.58,ESTUDIANTE
824,FEMENINO,27,10547.68,DESEMPLEADO
825,MASCULINO,42,30430.85,EMPLEADO
826,FEMENINO,48,36693.53,EMPLEADO
827,MASCULINO,61,14111.51,INDEPENDIENTE
828,MASCULINO,54,38988.92,INDEPENDIENTE
829,FEMENINO,27,4169.77,DESEMPLEADO
830,MASCULINO,70,44198.69,ESTUDIANTE
831,FEMENINO,62,30650.59,ESTUDIANTE
832,MASCULINO,63,6778.23,EMPLEADO
833,FEMENINO,66,45273.22,EMPLEADO
834,MASCULINO,70,20881.57,ESTUDIANTE
835,FEMENINO,46,23467.52,EMPLEADO
836,MASCULINO,44,19293.12,DESEMPLEADO
837,MASCULINO,18,55821.67,EMPLEADO
838,FEMENINO,40,46795.68,INDEPENDIENTE
839,FEMENINO,24,13598.15,EMPLEADO
840,MASCULINO,69,7282.2,ESTUDIANTE
841,FEMENINO,21,57595.39,EMPLEADO
842,MASCULINO,45,58866.28,DESEMPLEADO
843,FEMENINO,48,36449.6,DESEMPLEADO
844,MASCULINO,70,14543.62,INDEPENDIENTE
845,FEMENINO,20,43874.0,INDEPENDIENTE
846,FEMENINO,42,24557.86,ESTUDIANTE
847,MASCULINO,73,25061.05,ESTUDIANTE
848,FEMENINO,29,30189.64,DESEMPLEADO
849,FEMENINO,20,9977.31,DESEMPLEADO
850,MASCULINO,39,41476.55,INDEPENDIENTE
851,MASCULINO,31,3576.46,EMPLEADO
852,FEMENINO,53,41971.79,ESTUDIANTE
853,FEMENINO,26,22128.37,DESEMPLEADO
854,FEMENINO,19,17199.08,ESTUDIANTE
855,MASCULINO,33,24357.77,ESTUDIANTE
856,MASCULINO,48,50211.73,INDEPENDIENTE
857,FEMENINO,61,27912.44,DESEMPLEADO
858,FEMENINO,72,25215.94,ESTUDIANTE
859,MASCULINO,33,7247.79,ESTUDIANTE
860,MASCULINO,35,5799.91,ESTUDIANTE
861,FEMENINO,24,32794.76,DESEMPLEADO
862,FEMENINO,72,3870.52,ESTUDIANTE
863,MASCULINO,50,39944.82,INDEPENDIENTE
864,MASCULINO,43,39411.54,DESEMPLEADO
865,MASCULINO,24,35830.9,ESTUDIANTE
866,MASCULINO,40,45284.2,INDEPENDIENTE
867,FEMENINO,67,9904.35,INDEPENDIENTE
868,FEMENINO,35,17782.43,DESEMPLEADO
869,FEMENINO,55,51059.31,ESTUDIANTE
870,MASCULINO,19,48273.78,EMPLEADO
871,MASCULINO,66,41982.19,DESEMPLEADO
872,MASCULINO,57,24116.39,ESTUDIANTE
873,FEMENINO,30,24108.29,EMPLEADO
874,MASCULINO,18,47982.38,INDEPENDIENTE
875,FEMENINO,68,54141.34,EMPLEADO
876,FEMENINO,60,11412.91,ESTUDIANTE
877,FEMENINO,65,58215.27,INDEPENDIENTE
878,MASCULINO,28,16477.48,ESTUDIANTE
879,FEMENINO,74,4386.27,EMPLEADO
880,MASCULINO,56,6078.72,ESTUDIANTE
881,FEMENINO,26,25596.69,DESEMPLEADO
882,MASCULINO,47,22044.87,INDEPENDIENTE
883,FEMENINO,75,15452.91,EMPLEADO
884,MASCULINO,28,55731.56,EMPLEADO
885,FEMENINO,50,20652.57,INDEPENDIENTE
886,FEMENINO,38,25497.34,EMPLEADO
887,FEMENINO,21,12102.51,DESEMPLEADO
888,MASCULINO,48,54961.66,EMPLEADO
889,MASCULINO,46,52752.09,EMPLEADO
890,MASCULINO,61,25990.2,EMPLEADO
891,FEMENINO,33,20817.48,EMPLEADO
892,MASCULINO,28,5233.7,DESEMPLEADO
893,MASCULINO,51,37280.12,ESTUDIANTE
894,MASCULINO,50,6293.79,EMPLEADO
895,FEMENINO,20,27997.15,DESEMPLEADO
896,FEMENINO,23,28615.85,INDEPENDIENTE
897,MASCULINO,37,29057.55,ESTUDIANTE
898,MASCULINO,70,11505.87,EMPLEADO
899,FEMENINO,69,6424.2,ESTUDIANTE
900,MASCULINO,35,34939.27,EMPLEADO
901,MASCULINO,38,10143.51,INDEPENDIENTE
902,MASCULINO,32,51971.16,INDEPENDIENTE
903,FEMENINO,67,47747.77,DESEMPLEADO
904,MASCULINO,33,55012.33,ESTUDIANTE
905,FEMENINO,35,34224.18,DESEMPLEADO
906,FEMENINO,54,47574.98,EMPLEADO
907,MASCULINO,71,14669.75,ESTUDIANTE
908,MASCULINO,32,31792.31,ESTUDIANTE
909,FEMENINO,49,47729.45,DESEMPLEADO
910,MASCULINO,46,13992.1,ESTUDIANTE
911,FEMENINO,73,46251.35,EMPLEADO
912,MASCULINO,67,5098.77,INDEPENDIENTE
913,FEMENINO,33,21593.28,ESTUDIANTE
914,MASCULINO,20,59286.23,ESTUDIANTE
915,FEMENINO,30,30268.2,EMPLEADO
916,MASCULINO,70,48708.8,ESTUDIANTE
917,FEMENINO,26,41925.14,EMPLEADO
918,MASCULINO,41,56816.51,DESEMPLEADO
919,FEMENINO,26,46790.61,ESTUDIANTE
920,FEMENINO,33,49283.28,ESTUDIANTE
921,FEMENINO,18,30885.79,EMPLEADO
922,FEMENINO,21,9586.34,EMPLEADO
923,MASCULINO,32,12235.26,ESTUDIANTE
924,MASCULINO,35,18198.45,INDEPENDIENTE
925,FEMENINO,18,42041.65,INDEPENDIENTE
926,FEMENINO,18,43467.69,ESTUDIANTE
927,FEMENINO,19,24846.1,EMPLEADO
928,MASCULINO,55,52387.8,INDEPENDIENTE
929,MASCULINO,59,44702.68,EMPLEADO
930,FEMENINO,73,10554.26,INDEPENDIENTE
931,MASCULINO,74,37533.16,ESTUDIANTE
932,FEMENINO,55,50828.04,DESEMPLEADO
933,MASCULINO,26,13329.95,ESTUDIANTE
934,FEMENINO,73,22606.68,ESTUDIANTE
935,MASCULINO,28,32370.89,DESEMPLEADO
936,FEMENINO,38,29853.17,INDEPENDIENTE
937,MASCULINO,47,14052.97,EMPLEADO
938,MASCULINO,68,34149.73,INDEPENDIENTE
939,MASCULINO,71,17940.97,DESEMPLEADO
940,MASCULINO,42,58221.55,DESEMPLEADO
941,MASCULINO,30,14088.62,INDEPENDIENTE
942,FEMENINO,26,10360.41,EMPLEADO
943,MASCULINO,55,14741.37,EMPLEADO
944,MASCULINO,54,24463.57,INDEPENDIENTE
945,MASCULINO,31,55419.31,EMPLEADO
946,FEMENINO,28,44275.34,EMPLEADO
947,MASCULINO,21,51900.58,ESTUDIANTE
948,MASCULINO,35,59000.94,ESTUDIANTE
949,FEMENINO,45,43914.58,INDEPENDIENTE
950,MASCULINO,44,36203.41,INDEPENDIENTE
951,MASCULINO,54,39317.63,INDEPENDIENTE
952,FEMENINO,29,23262.82,INDEPENDIENTE
953,MASCULINO,34,52429.41,ESTUDIANTE
954,MASCULINO,47,9790.46,ESTUDIANTE
955,FEMENINO,74,21270.12,EMPLEADO
956,FEMENINO,55,21863.65,DESEMPLEADO
957,MASCULINO,51,19540.05,ESTUDIANTE
958,FEMENINO,73,46379.2,ESTUDIANTE
959,MASCULINO,32,5716.89,EMPLEADO
960,FEMENINO,39,34920.16,INDEPENDIENTE
961,FEMENINO,68,54941.16,EMPLEADO
962,MASCULINO,39,23929.99,ESTUDIANTE
963,MASCULINO,26,7946.83,DESEMPLEADO
964,FEMENINO,31,28700.88,ESTUDIANTE
965,MASCULINO,42,25419.94,ESTUDIANTE
966,FEMENINO,39,14123.84,EMPLEADO
967,FEMENINO,34,23284.88,INDEPENDIENTE
968,MASCULINO,18,36287.92,INDEPENDIENTE
969,FEMENINO,50,45340.37,INDEPENDIENTE
970,MASCULINO,36,44693.91,ESTUDIANTE
971,FEMENINO,58,51140.28,EMPLEADO
972,MASCULINO,45,46039.43,DESEMPLEADO
973,FEMENINO,57,19500.81,EMPLEADO
974,FEMENINO,67,42430.22,ESTUDIANTE
975,FEMENINO,18,44862.16,EMPLEADO
976,FEMENINO,45,18103.55,DESEMPLEADO
977,MASCULINO,45,33328.58,DESEMPLEADO
978,MASCULINO,32,31545.09,EMPLEADO
979,MASCULINO,65,38314.25,INDEPENDIENTE
980,MASCULINO,33,24718.23,EMPLEADO
981,MASCULINO,65,7791.78,DESEMPLEADO
982,FEMENINO,68,59352.23,INDEPENDIENTE
983,MASCULINO,64,32170.4,ESTUDIANTE
984,FEMENINO,30,13094.14,EMPLEADO
985,MASCULINO,52,37983.76,EMPLEADO
986,MASCULINO,21,43461.2,INDEPENDIENTE
987,FEMENINO,75,31097.78,ESTUDIANTE
988,FEMENINO,65,3398.68,EMPLEADO
989,FEMENINO,73,4632.72,ESTUDIANTE
990,MASCULINO,24,27227.85,ESTUDIANTE
991,FEMENINO,63,49910.84,ESTUDIANTE
992,MASCULINO,18,57916.51,EMPLEADO
993,FEMENINO,60,32730.92,EMPLEADO
994,FEMENINO,59,57285.34,ESTUDIANTE
995,FEMENINO,21,13485.82,INDEPENDIENTE
996,MASCULINO,52,57469.84,ESTUDIANTE
997,FEMENINO,25,12261.66,ESTUDIANTE
998,MASCULINO,49,17880.06,DESEMPLEADO
999,FEMENINO,23,49299.19,ESTUDIANTE
1000,FEMENINO,29,4979.74,ESTUDIANTE
